タイムスタンプ,Tシャツを購入しますか？,その他（二枚買いたい、といったような別のご要望など）,生徒クラス,生徒氏名
2026/09/15 17:38:57,M,,D,大津 究士
2026/09/15 17:42:31,購入しない,お手伝いできず申し訳ありません。,1E,須藤海翔
2026/09/15 18:08:07,XL,Lサイズ1枚とXLサイズ1枚、合計2枚購入希望です。よろしくお願いいたします。,D,岸田涼
2026/09/15 18:49:23,XL,,1-A,植作 渉
2026/09/15 21:07:22,XL,追加でＬを１枚購入希望です。,Ｋ,中所龍之介
2026/09/15 21:49:51,XL,L1枚、XL1枚　購入したいです,1-Ｄ,藤野裕心
2026/09/15 22:02:48,L,先に申請したものは破棄してください,D,大津 究士
2026/09/15 23:32:32,L,,1F,遠藤将来
2026/09/16 7:33:53,L,,1-A,竹原浩輝
2026/09/16 8:07:40,M,,Ａ,竹原浩輝
2026/09/16 11:47:22,L,今更ながら3年保護者ですが｡｡｡｡デザインが異なるのでしょうか。,3年,浅野蒼来
2026/09/16 17:46:54,XL,2枚購入希望です。よろしくお願い致します。,1年D組,野村奏太
2026/09/16 18:06:40,L,,I,葛西律紀
2026/09/16 22:22:03,L,"Mサイズ 1枚　
Lサイズ　1枚
2枚購入したいです。",1-J,田口　輝真
2026/09/16 22:33:23,L,,1-H,齋藤　賢青
2026/09/16 22:55:06,L,➕XLサイズ1枚で合計2枚,1年E組,吉田青空
2026/09/17 1:44:26,L,,E組,阿部　浩直
2026/09/17 7:18:34,L,追加でMサイズを１枚で合計２枚注文したいです。,1年Ｆ組,粕谷雄大
2026/09/17 18:11:56,XL,,1年E組,増喜晴也
