name,size,qty,status,basis
大津 究士,L,1,確定,9/15 22:02の再回答「先に申請したものは破棄してください」により17:38のMを取り消しLとした
岸田 涼,L,1,確定,備考「Lサイズ1枚とXLサイズ1枚、合計2枚」
岸田 涼,XL,1,確定,同上
植作 渉,XL,1,確定,
中所 龍之介,XL,1,確定,回答欄のXL
中所 龍之介,L,1,確定,備考「追加でＬを１枚」
藤野 裕心,L,1,確定,備考「L1枚、XL1枚」
藤野 裕心,XL,1,確定,同上
遠藤 将来,L,1,確定,
竹原 浩輝,M,1,要確認,7:33にL・8:07にMと2回回答し備考なし。最新を採用する規約でMとした。L+Mの2枚希望だった可能性あり
浅野 蒼来,L,1,要確認,3年保護者。備考「デザインが異なるのでしょうか」と質問あり。回答してから発注すること
野村 奏太,XL,2,要確認,回答欄XL＋備考「2枚購入希望」。2枚目のサイズ指定がないため2枚ともXLと解釈
葛西 律紀,L,1,確定,
田口 輝真,M,1,確定,備考「Mサイズ1枚 Lサイズ1枚」
田口 輝真,L,1,確定,同上
齋藤 賢青,L,1,確定,
吉田 青空,L,1,確定,回答欄のL
吉田 青空,XL,1,確定,備考「➕XLサイズ1枚で合計2枚」
阿部 浩直,L,1,確定,
粕谷 雄大,L,1,確定,回答欄のL
粕谷 雄大,M,1,確定,備考「追加でMサイズを１枚」
増喜 晴也,XL,1,確定,
